group,filename,palette,tonality,color_harmony,genre,objects,affect,dynamic_score,perspective_type,depth_score,composition_complexity,graphic_vs_painterly
early,0.jpg,"[{""hex"": ""#a0896d"", ""rgb"": [160, 137, 109], ""percentage"": 30.4}, {""hex"": ""#777061"", ""rgb"": [119, 112, 97], ""percentage"": 24.8}, {""hex"": ""#bdaa8b"", ""rgb"": [189, 170, 139], ""percentage"": 21.4}, {""hex"": ""#d3c4aa"", ""rgb"": [211, 196, 170], ""percentage"": 20.4}, {""hex"": ""#f7f5f3"", ""rgb"": [247, 245, 243], ""percentage"": 3.0}]",0.221,монохромная,сказочная сцена,"[""король"", ""воины"", ""палатка"", ""мечи"", ""топор""]",торжественное,0.5,отсутствует,0.3,0.7,0.2
late,100.jpg,"[{""hex"": ""#dfe2db"", ""rgb"": [223, 226, 219], ""percentage"": 32.4}, {""hex"": ""#5d6461"", ""rgb"": [93, 100, 97], ""percentage"": 22.0}, {""hex"": ""#7e8886"", ""rgb"": [126, 136, 134], ""percentage"": 19.8}, {""hex"": ""#a9b5b7"", ""rgb"": [169, 181, 183], ""percentage"": 16.1}, {""hex"": ""#b3a379"", ""rgb"": [179, 163, 121], ""percentage"": 9.6}]",0.298,монохромная,сказочная сцена,"[""старик"", ""девушка"", ""деревья"", ""снег""]",таинственное,0.0,отсутствует,0.3,0.5,0.5
early,1.jpg,"[{""hex"": ""#a58e69"", ""rgb"": [165, 142, 105], ""percentage"": 28.7}, {""hex"": ""#7a715d"", ""rgb"": [122, 113, 93], ""percentage"": 26.8}, {""hex"": ""#5a564e"", ""rgb"": [90, 86, 78], ""percentage"": 18.4}, {""hex"": ""#b7baab"", ""rgb"": [183, 186, 171], ""percentage"": 14.5}, {""hex"": ""#848a88"", ""rgb"": [132, 138, 136], ""percentage"": 11.6}]",0.024000000208616257,монохромная,сказочная сцена,"[""человек"", ""птица"", ""деревья"", ""трава""]",таинственное,0.5,отсутствует,0.3,0.6,0.2
early,10.jpg,"[{""hex"": ""#5b615a"", ""rgb"": [91, 97, 90], ""percentage"": 32.8}, {""hex"": ""#7c7d70"", ""rgb"": [124, 125, 112], ""percentage"": 27.5}, {""hex"": ""#a9a488"", ""rgb"": [169, 164, 136], ""percentage"": 18.2}, {""hex"": ""#c0c5c2"", ""rgb"": [192, 197, 194], ""percentage"": 12.2}, {""hex"": ""#ebeae0"", ""rgb"": [235, 234, 224], ""percentage"": 9.3}]",0.10100000351667404,монохромная,сказочная сцена,"[""люди"", ""город"", ""цветы"", ""холм""]",спокойное,0.0,линейная,0.5,0.7,0.5
early,11.jpg,"[{""hex"": ""#887662"", ""rgb"": [136, 118, 98], ""percentage"": 35.7}, {""hex"": ""#625950"", ""rgb"": [98, 89, 80], ""percentage"": 21.0}, {""hex"": ""#a29480"", ""rgb"": [162, 148, 128], ""percentage"": 19.7}, {""hex"": ""#be8865"", ""rgb"": [190, 136, 101], ""percentage"": 16.1}, {""hex"": ""#c6bba7"", ""rgb"": [198, 187, 167], ""percentage"": 7.5}]",0.023000000044703484,монохромная,историческая иллюстрация,"[""люди"", ""трон"", ""одежда"", ""собака""]",торжественное,-0.5,отсутствует,0.2,0.7,0.5
early,12.jpg,"[{""hex"": ""#54575f"", ""rgb"": [84, 87, 95], ""percentage"": 35.4}, {""hex"": ""#857968"", ""rgb"": [133, 121, 104], ""percentage"": 23.5}, {""hex"": ""#969a8c"", ""rgb"": [150, 154, 140], ""percentage"": 16.8}, {""hex"": ""#c5c4bc"", ""rgb"": [197, 196, 188], ""percentage"": 14.3}, {""hex"": ""#e6e4de"", ""rgb"": [230, 228, 222], ""percentage"": 10.0}]",0.07000000029802322,аналогичная,сказочная сцена,"[""корабль"", ""волны"", ""берег"", ""город""]",динамичное,0.8,отсутствует,0.3,0.5,0.5
early,13.jpg,"[{""hex"": ""#89826e"", ""rgb"": [137, 130, 110], ""percentage"": 32.1}, {""hex"": ""#65685d"", ""rgb"": [101, 104, 93], ""percentage"": 28.2}, {""hex"": ""#b7ad94"", ""rgb"": [183, 173, 148], ""percentage"": 16.3}, {""hex"": ""#bb8f69"", ""rgb"": [187, 143, 105], ""percentage"": 13.8}, {""hex"": ""#dedccc"", ""rgb"": [222, 220, 204], ""percentage"": 9.6}]",0.10599999874830246,монохромная,сказочная сцена,"[""люди"", ""стол"", ""еда"", ""кот"", ""трон"", ""секиры""]",торжественное,0.0,отсутствует,0.3,0.7,0.5
early,14.jpg,"[{""hex"": ""#87836e"", ""rgb"": [135, 131, 110], ""percentage"": 26.5}, {""hex"": ""#aba58d"", ""rgb"": [171, 165, 141], ""percentage"": 23.8}, {""hex"": ""#d1c9aa"", ""rgb"": [209, 201, 170], ""percentage"": 19.2}, {""hex"": ""#626055"", ""rgb"": [98, 96, 85], ""percentage"": 19.0}, {""hex"": ""#ece8d7"", ""rgb"": [236, 232, 215], ""percentage"": 11.5}]",0.23000000417232513,монохромная,сказочная сцена,"[""люди"", ""птица"", ""трон"", ""город"", ""горы"", ""облака""]",торжественное,-0.5,линейная,0.5,0.7,0.5
early,15.jpg,"[{""hex"": ""#8b7f6a"", ""rgb"": [139, 127, 106], ""percentage"": 24.3}, {""hex"": ""#c1af90"", ""rgb"": [193, 175, 144], ""percentage"": 22.4}, {""hex"": ""#ac9070"", ""rgb"": [172, 144, 112], ""percentage"": 22.2}, {""hex"": ""#d7c7ad"", ""rgb"": [215, 199, 173], ""percentage"": 17.4}, {""hex"": ""#6f675b"", ""rgb"": [111, 103, 91], ""percentage"": 13.6}]",0.20399999618530273,монохромная,сказочная сцена,"[""король"", ""воины"", ""палатка"", ""корона"", ""мечи"", ""копья""]",торжественное,0.5,отсутствует,0.3,0.7,0.2
early,16.jpg,"[{""hex"": ""#837767"", ""rgb"": [131, 119, 103], ""percentage"": 34.8}, {""hex"": ""#605c53"", ""rgb"": [96, 92, 83], ""percentage"": 27.3}, {""hex"": ""#a89b88"", ""rgb"": [168, 155, 136], ""percentage"": 19.1}, {""hex"": ""#d3c8b5"", ""rgb"": [211, 200, 181], ""percentage"": 12.6}, {""hex"": ""#f4f2ef"", ""rgb"": [244, 242, 239], ""percentage"": 6.1}]",0.08100000023841858,монохромная,историческая иллюстрация,"[""всадники"", ""лошади"", ""щиты"", ""копья""]",торжественное,0.8,отсутствует,0.2,0.7,0.5
early,17.jpg,"[{""hex"": ""#888275"", ""rgb"": [136, 130, 117], ""percentage"": 31.5}, {""hex"": ""#6c6457"", ""rgb"": [108, 100, 87], ""percentage"": 31.1}, {""hex"": ""#b3a997"", ""rgb"": [179, 169, 151], ""percentage"": 18.0}, {""hex"": ""#dad2c2"", ""rgb"": [218, 210, 194], ""percentage"": 14.1}, {""hex"": ""#f9faf9"", ""rgb"": [249, 250, 249], ""percentage"": 5.3}]",0.14800000190734863,монохромная,историческая иллюстрация,"[""лошади"", ""карета"", ""воины"", ""знамёна""]",торжественное,0.5,отсутствует,0.2,0.7,0.5
early,18.jpg,"[{""hex"": ""#92846a"", ""rgb"": [146, 132, 106], ""percentage"": 26.4}, {""hex"": ""#b3a77e"", ""rgb"": [179, 167, 126], ""percentage"": 25.3}, {""hex"": ""#66655b"", ""rgb"": [102, 101, 91], ""percentage"": 21.8}, {""hex"": ""#c9c4a6"", ""rgb"": [201, 196, 166], ""percentage"": 14.4}, {""hex"": ""#e3e5db"", ""rgb"": [227, 229, 219], ""percentage"": 12.0}]",0.2150000035762787,монохромная,сказочная сцена,"[""корона"", ""рыбы"", ""грифоны"", ""цветы"", ""узоры""]",торжественное,-0.5,орнаментальная,0.0,0.8,0.5
early,19.jpg,"[{""hex"": ""#726e66"", ""rgb"": [114, 110, 102], ""percentage"": 21.3}, {""hex"": ""#9ca4a0"", ""rgb"": [156, 164, 160], ""percentage"": 20.8}, {""hex"": ""#84857f"", ""rgb"": [132, 133, 127], ""percentage"": 19.9}, {""hex"": ""#5d5751"", ""rgb"": [93, 87, 81], ""percentage"": 19.9}, {""hex"": ""#b0b9b7"", ""rgb"": [176, 185, 183], ""percentage"": 18.1}]",0.05400000140070915,монохромная,сказочная сцена,"[""старик"", ""лодка"", ""море"", ""рыбы"", ""скалы"", ""деревья""]",спокойное,-0.5,отсутствует,0.3,0.5,0.5
early,2.jpg,"[{""hex"": ""#8b705e"", ""rgb"": [139, 112, 94], ""percentage"": 35.9}, {""hex"": ""#5e5550"", ""rgb"": [94, 85, 80], ""percentage"": 30.2}, {""hex"": ""#a79d88"", ""rgb"": [167, 157, 136], ""percentage"": 16.2}, {""hex"": ""#fefefd"", ""rgb"": [254, 254, 253], ""percentage"": 8.9}, {""hex"": ""#d0c1ad"", ""rgb"": [208, 193, 173], ""percentage"": 8.8}]",0.0560000017285347,монохромная,сказочная сцена,"[""мужчина"", ""старик"", ""торт"", ""трон"", ""свечи""]",торжественное,0.0,отсутствует,0.2,0.5,0.5
early,23.jpg,"[{""hex"": ""#e9dbb1"", ""rgb"": [233, 219, 177], ""percentage"": 38.6}, {""hex"": ""#857565"", ""rgb"": [133, 117, 101], ""percentage"": 21.9}, {""hex"": ""#5d5659"", ""rgb"": [93, 86, 89], ""percentage"": 17.5}, {""hex"": ""#a78974"", ""rgb"": [167, 137, 116], ""percentage"": 15.0}, {""hex"": ""#bbad96"", ""rgb"": [187, 173, 150], ""percentage"": 7.0}]",0.257999986410141,аналогичная,историческая иллюстрация,"[""девушка"", ""традиционная одежда"", ""деревья"", ""кувшин""]",спокойное,-0.5,отсутствует,0.2,0.3,0.5
early,3.jpg,"[{""hex"": ""#76725e"", ""rgb"": [118, 114, 94], ""percentage"": 31.1}, {""hex"": ""#59564b"", ""rgb"": [89, 86, 75], ""percentage"": 21.9}, {""hex"": ""#898a8b"", ""rgb"": [137, 138, 139], ""percentage"": 19.0}, {""hex"": ""#aaaeb2"", ""rgb"": [170, 174, 178], ""percentage"": 14.6}, {""hex"": ""#b1996b"", ""rgb"": [177, 153, 107], ""percentage"": 13.4}]",-0.004999999888241291,аналогичная,сказочная сцена,"[""женщина"", ""деревья"", ""замок"", ""корабли"", ""грибы""]",таинственное,-0.5,отсутствует,0.3,0.6,0.5
early,322.jpg,"[{""hex"": ""#d7d0c9"", ""rgb"": [215, 208, 201], ""percentage"": 33.0}, {""hex"": ""#9f7b5f"", ""rgb"": [159, 123, 95], ""percentage"": 24.0}, {""hex"": ""#5d5e60"", ""rgb"": [93, 94, 96], ""percentage"": 14.8}, {""hex"": ""#d3b684"", ""rgb"": [211, 182, 132], ""percentage"": 14.6}, {""hex"": ""#9e9e9a"", ""rgb"": [158, 158, 154], ""percentage"": 13.7}]",0.2809999883174896,аналогичная,сказочная сцена,"[""карета"", ""люди"", ""солнце"", ""облака""]",торжественное,0.0,отсутствует,0.2,0.5,0.5
early,4.jpg,"[{""hex"": ""#545249"", ""rgb"": [84, 82, 73], ""percentage"": 26.6}, {""hex"": ""#68655a"", ""rgb"": [104, 101, 90], ""percentage"": 25.8}, {""hex"": ""#e0ceb8"", ""rgb"": [224, 206, 184], ""percentage"": 24.4}, {""hex"": ""#878c89"", ""rgb"": [135, 140, 137], ""percentage"": 12.2}, {""hex"": ""#a9b0b5"", ""rgb"": [169, 176, 181], ""percentage"": 10.9}]",0.061000000685453415,аналогичная,сказочная сцена,"[""вороны"", ""дерево"", ""ветви"", ""солнце"", ""небо""]",таинственное,0.0,отсутствует,0.3,0.4,0.2
early,45.jpg,"[{""hex"": ""#877d6e"", ""rgb"": [135, 125, 110], ""percentage"": 27.0}, {""hex"": ""#a39580"", ""rgb"": [163, 149, 128], ""percentage"": 22.9}, {""hex"": ""#67665e"", ""rgb"": [103, 102, 94], ""percentage"": 18.4}, {""hex"": ""#bcb59a"", ""rgb"": [188, 181, 154], ""percentage"": 17.3}, {""hex"": ""#dbdac6"", ""rgb"": [219, 218, 198], ""percentage"": 14.4}]",0.17599999904632568,монохромная,историческая иллюстрация,"[""всадники"", ""лошади"", ""копья"", ""деревья"", ""человек с лошадью""]",торжественное,0.8,линейная,0.7,0.8,0.5
early,5.jpg,"[{""hex"": ""#7d7a66"", ""rgb"": [125, 122, 102], ""percentage"": 33.2}, {""hex"": ""#9c9776"", ""rgb"": [156, 151, 118], ""percentage"": 27.3}, {""hex"": ""#b8845f"", ""rgb"": [184, 132, 95], ""percentage"": 14.5}, {""hex"": ""#5b5c51"", ""rgb"": [91, 92, 81], ""percentage"": 14.0}, {""hex"": ""#d1c9ae"", ""rgb"": [209, 201, 174], ""percentage"": 11.0}]",0.07100000232458115,монохромная,историческая иллюстрация,"[""всадники"", ""лошади"", ""щиты"", ""копья"", ""река"", ""деревья""]",торжественное,0.8,отсутствует,0.3,0.7,0.5
early,6.jpg,"[{""hex"": ""#5d5651"", ""rgb"": [93, 86, 81], ""percentage"": 29.3}, {""hex"": ""#7a6c5f"", ""rgb"": [122, 108, 95], ""percentage"": 25.0}, {""hex"": ""#8b8373"", ""rgb"": [139, 131, 115], ""percentage"": 20.4}, {""hex"": ""#a9987c"", ""rgb"": [169, 152, 124], ""percentage"": 15.4}, {""hex"": ""#bfb695"", ""rgb"": [191, 182, 149], ""percentage"": 9.8}]",-0.04100000113248825,монохромная,сказочная сцена,"[""башня"", ""деревья"", ""звезды"", ""архитектурные элементы""]",таинственное,-0.5,орнаментальная,0.3,0.7,0.5
early,7.jpg,"[{""hex"": ""#6b7878"", ""rgb"": [107, 120, 120], ""percentage"": 32.3}, {""hex"": ""#ac9d6d"", ""rgb"": [172, 157, 109], ""percentage"": 21.7}, {""hex"": ""#8e886a"", ""rgb"": [142, 136, 106], ""percentage"": 20.3}, {""hex"": ""#cdcebc"", ""rgb"": [205, 206, 188], ""percentage"": 16.4}, {""hex"": ""#9fa9a1"", ""rgb"": [159, 169, 161], ""percentage"": 9.4}]",0.16099999845027924,монохромная,сказочная сцена,"[""текст"", ""орнамент""]",торжественное,-0.5,орнаментальная,0.0,0.7,0.5
early,8.jpg,"[{""hex"": ""#b1b1a5"", ""rgb"": [177, 177, 165], ""percentage"": 30.5}, {""hex"": ""#4b4540"", ""rgb"": [75, 69, 64], ""percentage"": 24.8}, {""hex"": ""#796856"", ""rgb"": [121, 104, 86], ""percentage"": 22.7}, {""hex"": ""#8e9182"", ""rgb"": [142, 145, 130], ""percentage"": 12.3}, {""hex"": ""#b29362"", ""rgb"": [178, 147, 98], ""percentage"": 9.7}]",0.0020000000949949026,монохромная,сказочная сцена,"[""человек"", ""дом"", ""снег"", ""дерево"", ""собака"", ""луна""]",таинственное,-0.5,отсутствует,0.3,0.6,0.2
early,9.jpg,"[{""hex"": ""#59605d"", ""rgb"": [89, 96, 93], ""percentage"": 31.7}, {""hex"": ""#6b766d"", ""rgb"": [107, 118, 109], ""percentage"": 28.3}, {""hex"": ""#b5c3bb"", ""rgb"": [181, 195, 187], ""percentage"": 16.6}, {""hex"": ""#828d80"", ""rgb"": [130, 141, 128], ""percentage"": 15.1}, {""hex"": ""#a2a799"", ""rgb"": [162, 167, 153], ""percentage"": 8.3}]",0.004000000189989805,монохромная,сказочная сцена,"[""бочка"", ""волны"", ""звезды""]",таинственное,0.8,отсутствует,0.3,0.6,0.5
early,img557.jpg,"[{""hex"": ""#524834"", ""rgb"": [82, 72, 52], ""percentage"": 28.9}, {""hex"": ""#71674e"", ""rgb"": [113, 103, 78], ""percentage"": 28.8}, {""hex"": ""#80857e"", ""rgb"": [128, 133, 126], ""percentage"": 19.9}, {""hex"": ""#dfc284"", ""rgb"": [223, 194, 132], ""percentage"": 11.6}, {""hex"": ""#ad825c"", ""rgb"": [173, 130, 92], ""percentage"": 10.8}]",-0.0989999994635582,монохромная,сказочная сцена,"[""лягушка"", ""замок"", ""деревья"", ""всадники"", ""птицы""]",таинственное,0.0,отсутствует,0.3,0.7,0.5
early,img560.jpg,"[{""hex"": ""#978b62"", ""rgb"": [151, 139, 98], ""percentage"": 25.1}, {""hex"": ""#505042"", ""rgb"": [80, 80, 66], ""percentage"": 24.4}, {""hex"": ""#636b62"", ""rgb"": [99, 107, 98], ""percentage"": 20.5}, {""hex"": ""#b8bdaf"", ""rgb"": [184, 189, 175], ""percentage"": 15.8}, {""hex"": ""#806747"", ""rgb"": [128, 103, 71], ""percentage"": 14.2}]",-0.057999998331069946,монохромная,сказочная сцена,"[""человек"", ""лук"", ""стрелы"", ""деревья"", ""лес""]",таинственное,0.0,отсутствует,0.3,0.5,-0.5
early,img562.jpg,"[{""hex"": ""#6f6962"", ""rgb"": [111, 105, 98], ""percentage"": 26.6}, {""hex"": ""#5d4f3a"", ""rgb"": [93, 79, 58], ""percentage"": 25.7}, {""hex"": ""#b5b7a4"", ""rgb"": [181, 183, 164], ""percentage"": 21.6}, {""hex"": ""#9b876a"", ""rgb"": [155, 135, 106], ""percentage"": 15.7}, {""hex"": ""#667d9a"", ""rgb"": [102, 125, 154], ""percentage"": 10.3}]",-0.039000000804662704,аналогичная,сказочная сцена,"[""люди"", ""лебеди"", ""вода"", ""облака"", ""растения""]",торжественное,0.5,отсутствует,0.3,0.7,0.5
early,img567.jpg,"[{""hex"": ""#8c6c49"", ""rgb"": [140, 108, 73], ""percentage"": 38.4}, {""hex"": ""#604d39"", ""rgb"": [96, 77, 57], ""percentage"": 32.0}, {""hex"": ""#d5ab5a"", ""rgb"": [213, 171, 90], ""percentage"": 11.9}, {""hex"": ""#e4d9b5"", ""rgb"": [228, 217, 181], ""percentage"": 10.3}, {""hex"": ""#4f6b99"", ""rgb"": [79, 107, 153], ""percentage"": 7.4}]",-0.05299999937415123,аналогичная,сказочная сцена,"[""король"", ""петух"", ""дом"", ""деревья"", ""забор"", ""свинья""]",спокойное,-0.5,отсутствует,0.2,0.4,0.5
early,img570.jpg,"[{""hex"": ""#625042"", ""rgb"": [98, 80, 66], ""percentage"": 33.1}, {""hex"": ""#383b35"", ""rgb"": [56, 59, 53], ""percentage"": 27.7}, {""hex"": ""#807355"", ""rgb"": [128, 115, 85], ""percentage"": 22.9}, {""hex"": ""#5b5e6e"", ""rgb"": [91, 94, 110], ""percentage"": 8.8}, {""hex"": ""#c2a27f"", ""rgb"": [194, 162, 127], ""percentage"": 7.6}]",-0.28200000524520874,аналогичная,сказочная сцена,"[""люди"", ""лошади"", ""река"", ""деревья"", ""грибы"", ""дом"", ""коровы""]",спокойное,-0.5,отсутствует,0.3,0.5,0.2
early,img573.jpg,"[{""hex"": ""#726947"", ""rgb"": [114, 105, 71], ""percentage"": 37.8}, {""hex"": ""#3a423d"", ""rgb"": [58, 66, 61], ""percentage"": 23.9}, {""hex"": ""#a38752"", ""rgb"": [163, 135, 82], ""percentage"": 19.4}, {""hex"": ""#7d8287"", ""rgb"": [125, 130, 135], ""percentage"": 13.9}, {""hex"": ""#e3d8b6"", ""rgb"": [227, 216, 182], ""percentage"": 5.1}]",-0.13500000536441803,аналогичная,сказочная сцена,"[""деревья"", ""грибы"", ""дом"", ""человек"", ""лебедь""]",таинственное,0.0,отсутствует,0.3,0.5,0.2
early,img574.jpg,"[{""hex"": ""#998767"", ""rgb"": [153, 135, 103], ""percentage"": 29.2}, {""hex"": ""#4b463c"", ""rgb"": [75, 70, 60], ""percentage"": 24.2}, {""hex"": ""#616663"", ""rgb"": [97, 102, 99], ""percentage"": 20.5}, {""hex"": ""#aead9d"", ""rgb"": [174, 173, 157], ""percentage"": 13.9}, {""hex"": ""#8d513b"", ""rgb"": [141, 81, 59], ""percentage"": 12.3}]",-0.1080000028014183,монохромная,сказочная сцена,"[""король"", ""деревья"", ""море"", ""овца""]",таинственное,0.5,отсутствует,0.3,0.6,0.2
early,img575.jpg,"[{""hex"": ""#665842"", ""rgb"": [102, 88, 66], ""percentage"": 32.2}, {""hex"": ""#8a7a61"", ""rgb"": [138, 122, 97], ""percentage"": 28.1}, {""hex"": ""#373b3f"", ""rgb"": [55, 59, 63], ""percentage"": 20.0}, {""hex"": ""#a69891"", ""rgb"": [166, 152, 145], ""percentage"": 12.6}, {""hex"": ""#dac9ae"", ""rgb"": [218, 201, 174], ""percentage"": 7.2}]",-0.1379999965429306,аналогичная,сказочная сцена,"[""корабли"", ""башня"", ""человек"", ""море"", ""растения""]",таинственное,0.5,линейная,0.7,0.7,0.3
early,img576.jpg,"[{""hex"": ""#373c2e"", ""rgb"": [55, 60, 46], ""percentage"": 30.5}, {""hex"": ""#d9c7a5"", ""rgb"": [217, 199, 165], ""percentage"": 22.1}, {""hex"": ""#646944"", ""rgb"": [100, 105, 68], ""percentage"": 21.2}, {""hex"": ""#a29978"", ""rgb"": [162, 153, 120], ""percentage"": 18.2}, {""hex"": ""#5d6c78"", ""rgb"": [93, 108, 120], ""percentage"": 8.0}]",-0.06300000101327896,аналогичная,сказочная сцена,"[""люди"", ""деревья"", ""озеро"", ""утка""]",спокойное,-0.5,отсутствует,0.3,0.5,-0.5
early,img579.jpg,"[{""hex"": ""#4e4634"", ""rgb"": [78, 70, 52], ""percentage"": 32.2}, {""hex"": ""#655e4d"", ""rgb"": [101, 94, 77], ""percentage"": 31.9}, {""hex"": ""#907551"", ""rgb"": [144, 117, 81], ""percentage"": 19.3}, {""hex"": ""#8e9386"", ""rgb"": [142, 147, 134], ""percentage"": 8.8}, {""hex"": ""#c4a75e"", ""rgb"": [196, 167, 94], ""percentage"": 7.8}]",-0.1979999989271164,монохромная,сказочная сцена,"[""мужчина"", ""женщины"", ""печь"", ""дом"", ""ковер""]",спокойное,0.0,отсутствует,0.2,0.5,0.5
early,img580.jpg,"[{""hex"": ""#7a6d59"", ""rgb"": [122, 109, 89], ""percentage"": 26.9}, {""hex"": ""#988770"", ""rgb"": [152, 135, 112], ""percentage"": 23.2}, {""hex"": ""#585546"", ""rgb"": [88, 85, 70], ""percentage"": 19.9}, {""hex"": ""#bda588"", ""rgb"": [189, 165, 136], ""percentage"": 15.9}, {""hex"": ""#36372d"", ""rgb"": [54, 55, 45], ""percentage"": 14.1}]",-0.11100000143051147,монохромная,историческая иллюстрация,"[""всадник"", ""лошадь"", ""мертвые воины"", ""деревья"", ""камни"", ""оружие"", ""щиты""]",зловещее,-0.5,отсутствует,0.3,0.7,0.5
early,img581.jpg,"[{""hex"": ""#877f6b"", ""rgb"": [135, 127, 107], ""percentage"": 25.6}, {""hex"": ""#665d4e"", ""rgb"": [102, 93, 78], ""percentage"": 22.4}, {""hex"": ""#413d38"", ""rgb"": [65, 61, 56], ""percentage"": 21.5}, {""hex"": ""#b09f81"", ""rgb"": [176, 159, 129], ""percentage"": 19.9}, {""hex"": ""#d8c7a7"", ""rgb"": [216, 199, 167], ""percentage"": 10.6}]",-0.0560000017285347,монохромная,историческая иллюстрация,"[""люди"", ""палатки"", ""деревья"", ""оружие"", ""замок""]",торжественное,0.0,отсутствует,0.3,0.7,0.5
early,img582.jpg,"[{""hex"": ""#2e3334"", ""rgb"": [46, 51, 52], ""percentage"": 26.2}, {""hex"": ""#554e3b"", ""rgb"": [85, 78, 59], ""percentage"": 24.0}, {""hex"": ""#706650"", ""rgb"": [112, 102, 80], ""percentage"": 21.6}, {""hex"": ""#968068"", ""rgb"": [150, 128, 104], ""percentage"": 16.0}, {""hex"": ""#b9a586"", ""rgb"": [185, 165, 134], ""percentage"": 12.2}]",-0.24699999392032623,аналогичная,сказочная сцена,"[""человек"", ""птица"", ""деревья"", ""трава""]",таинственное,0.0,отсутствует,0.2,0.5,0.3
early,img583.jpg,"[{""hex"": ""#787459"", ""rgb"": [120, 116, 89], ""percentage"": 22.7}, {""hex"": ""#9d8e71"", ""rgb"": [157, 142, 113], ""percentage"": 21.7}, {""hex"": ""#5c5a43"", ""rgb"": [92, 90, 67], ""percentage"": 21.5}, {""hex"": ""#3a3c2c"", ""rgb"": [58, 60, 44], ""percentage"": 19.7}, {""hex"": ""#baaf98"", ""rgb"": [186, 175, 152], ""percentage"": 14.5}]",-0.1120000034570694,монохромная,сказочная сцена,"[""всадник"", ""лошадь"", ""лес"", ""замок""]",динамичное,0.8,линейная,0.7,0.6,-0.3
early,img587.jpg,"[{""hex"": ""#47463e"", ""rgb"": [71, 70, 62], ""percentage"": 26.5}, {""hex"": ""#6d5c44"", ""rgb"": [109, 92, 68], ""percentage"": 26.1}, {""hex"": ""#2c2f2a"", ""rgb"": [44, 47, 42], ""percentage"": 24.0}, {""hex"": ""#817c6d"", ""rgb"": [129, 124, 109], ""percentage"": 12.5}, {""hex"": ""#aca089"", ""rgb"": [172, 160, 137], ""percentage"": 10.8}]",-0.3140000104904175,монохромная,сказочная сцена,"[""человек"", ""жар-птица"", ""деревья"", ""трава"", ""цветы""]",таинственное,0.5,отсутствует,0.3,0.6,0.2
early,img588.jpg,"[{""hex"": ""#827f6b"", ""rgb"": [130, 127, 107], ""percentage"": 28.2}, {""hex"": ""#69634b"", ""rgb"": [105, 99, 75], ""percentage"": 27.4}, {""hex"": ""#cfcdb7"", ""rgb"": [207, 205, 183], ""percentage"": 18.0}, {""hex"": ""#afa581"", ""rgb"": [175, 165, 129], ""percentage"": 13.7}, {""hex"": ""#424332"", ""rgb"": [66, 67, 50], ""percentage"": 12.6}]",0.020999999716877937,монохромная,сказочная сцена,"[""всадник"", ""лошадь"", ""дерево"", ""камень"", ""череп"", ""грибы"", ""птицы""]",таинственное,0.0,отсутствует,0.3,0.6,0.2
early,img589.jpg,"[{""hex"": ""#6e5f46"", ""rgb"": [110, 95, 70], ""percentage"": 29.1}, {""hex"": ""#988471"", ""rgb"": [152, 132, 113], ""percentage"": 26.1}, {""hex"": ""#4a4437"", ""rgb"": [74, 68, 55], ""percentage"": 25.6}, {""hex"": ""#d5c4a2"", ""rgb"": [213, 196, 162], ""percentage"": 11.6}, {""hex"": ""#ba432f"", ""rgb"": [186, 67, 47], ""percentage"": 7.6}]",-0.12200000137090683,монохромная,историческая иллюстрация,"[""люди"", ""одежда"", ""шапки""]",торжественное,-0.2,отсутствует,0.2,0.5,0.5
late,104.jpg,"[{""hex"": ""#9f826b"", ""rgb"": [159, 130, 107], ""percentage"": 25.0}, {""hex"": ""#78685b"", ""rgb"": [120, 104, 91], ""percentage"": 24.3}, {""hex"": ""#b5a98f"", ""rgb"": [181, 169, 143], ""percentage"": 20.6}, {""hex"": ""#ddd4b4"", ""rgb"": [221, 212, 180], ""percentage"": 15.2}, {""hex"": ""#4b4643"", ""rgb"": [75, 70, 67], ""percentage"": 14.8}]",0.08399999886751175,монохромная,историческая иллюстрация,"[""корабль"", ""волны"", ""скалы""]",динамичное,0.8,линейная,0.7,0.8,0.5
late,105.jpg,"[{""hex"": ""#837966"", ""rgb"": [131, 121, 102], ""percentage"": 30.0}, {""hex"": ""#5c574f"", ""rgb"": [92, 87, 79], ""percentage"": 26.3}, {""hex"": ""#b59670"", ""rgb"": [181, 150, 112], ""percentage"": 20.1}, {""hex"": ""#b7af9a"", ""rgb"": [183, 175, 154], ""percentage"": 13.7}, {""hex"": ""#e1dbcd"", ""rgb"": [225, 219, 205], ""percentage"": 10.0}]",0.07500000298023224,монохромная,сказочная сцена,"[""люди"", ""ковер"", ""посуда"", ""декоративные тарелки""]",торжественное,-0.5,отсутствует,0.2,0.7,0.5
late,106.jpg,"[{""hex"": ""#bea07c"", ""rgb"": [190, 160, 124], ""percentage"": 32.5}, {""hex"": ""#987b66"", ""rgb"": [152, 123, 102], ""percentage"": 20.9}, {""hex"": ""#c56f60"", ""rgb"": [197, 111, 96], ""percentage"": 20.1}, {""hex"": ""#d3c7b2"", ""rgb"": [211, 199, 178], ""percentage"": 15.5}, {""hex"": ""#5e5756"", ""rgb"": [94, 87, 86], ""percentage"": 11.0}]",0.17000000178813934,монохромная,историческая иллюстрация,"[""люди"", ""одежда"", ""жезл"", ""шапки""]",торжественное,-0.5,отсутствует,0.2,0.7,0.5
late,109.jpg,"[{""hex"": ""#8e7d68"", ""rgb"": [142, 125, 104], ""percentage"": 27.8}, {""hex"": ""#ab9577"", ""rgb"": [171, 149, 119], ""percentage"": 27.4}, {""hex"": ""#cab38d"", ""rgb"": [202, 179, 141], ""percentage"": 18.4}, {""hex"": ""#686561"", ""rgb"": [104, 101, 97], ""percentage"": 16.4}, {""hex"": ""#dbccb3"", ""rgb"": [219, 204, 179], ""percentage"": 10.1}]",0.164000004529953,монохромная,сказочная сцена,"[""всадники"", ""лошади"", ""щиты"", ""копья"", ""пейзаж"", ""гигант"", ""конь""]",торжественное,0.8,линейная,0.7,0.8,0.5
late,110.jpg,"[{""hex"": ""#7d7761"", ""rgb"": [125, 119, 97], ""percentage"": 27.0}, {""hex"": ""#959378"", ""rgb"": [149, 147, 120], ""percentage"": 20.8}, {""hex"": ""#b8a884"", ""rgb"": [184, 168, 132], ""percentage"": 18.7}, {""hex"": ""#aa8762"", ""rgb"": [170, 135, 98], ""percentage"": 17.0}, {""hex"": ""#5e5a50"", ""rgb"": [94, 90, 80], ""percentage"": 16.5}]",0.0430000014603138,монохромная,сказочная сцена,"[""всадник"", ""лошадь"", ""дерево"", ""человек на дереве"", ""лук"", ""стрела"", ""щит""]",таинственное,0.5,линейная,0.7,0.8,0.3
late,111.jpg,"[{""hex"": ""#86806e"", ""rgb"": [134, 128, 110], ""percentage"": 30.4}, {""hex"": ""#61645b"", ""rgb"": [97, 100, 91], ""percentage"": 19.7}, {""hex"": ""#b69d73"", ""rgb"": [182, 157, 115], ""percentage"": 19.6}, {""hex"": ""#9d9f9c"", ""rgb"": [157, 159, 156], ""percentage"": 15.4}, {""hex"": ""#cac2b8"", ""rgb"": [202, 194, 184], ""percentage"": 14.9}]",0.12399999797344208,монохромная,сказочная сцена,"[""всадник"", ""лошадь"", ""деревья"", ""река"", ""воин""]",таинственное,0.5,отсутствует,0.5,0.7,0.3
late,112.jpg,"[{""hex"": ""#7a7d6d"", ""rgb"": [122, 125, 109], ""percentage"": 25.4}, {""hex"": ""#978c78"", ""rgb"": [151, 140, 120], ""percentage"": 22.7}, {""hex"": ""#b79d7f"", ""rgb"": [183, 157, 127], ""percentage"": 19.0}, {""hex"": ""#b8b5b1"", ""rgb"": [184, 181, 177], ""percentage"": 18.7}, {""hex"": ""#63655d"", ""rgb"": [99, 101, 93], ""percentage"": 14.3}]",0.11500000208616257,монохромная,историческая иллюстрация,"[""всадники"", ""лошади"", ""копья"", ""луки"", ""щиты""]",торжественное,1.0,линейная,0.8,0.9,0.5
late,113.jpg,"[{""hex"": ""#af9771"", ""rgb"": [175, 151, 113], ""percentage"": 26.2}, {""hex"": ""#858772"", ""rgb"": [133, 135, 114], ""percentage"": 24.8}, {""hex"": ""#b7ae9b"", ""rgb"": [183, 174, 155], ""percentage"": 22.1}, {""hex"": ""#dbcdbc"", ""rgb"": [219, 205, 188], ""percentage"": 15.2}, {""hex"": ""#6b6557"", ""rgb"": [107, 101, 87], ""percentage"": 11.6}]",0.21899999678134918,монохромная,сказочная сцена,"[""люди"", ""дракон"", ""скалы"", ""река"", ""облака""]",таинственное,0.5,линейная,0.7,0.8,0.3
late,1550386604129144067.png,"[{""hex"": ""#e0c397"", ""rgb"": [224, 195, 151], ""percentage"": 24.9}, {""hex"": ""#ae9672"", ""rgb"": [174, 150, 114], ""percentage"": 21.5}, {""hex"": ""#923c2d"", ""rgb"": [146, 60, 45], ""percentage"": 18.6}, {""hex"": ""#706c5b"", ""rgb"": [112, 108, 91], ""percentage"": 18.5}, {""hex"": ""#39322c"", ""rgb"": [57, 50, 44], ""percentage"": 16.5}]",-0.004000000189989805,монохромная,историческая иллюстрация,"[""корабль"", ""волны"", ""скалы"", ""люди""]",динамичное,0.8,отсутствует,0.3,0.7,0.5
late,1550386645165298217.png,"[{""hex"": ""#758693"", ""rgb"": [117, 134, 147], ""percentage"": 29.2}, {""hex"": ""#8c6244"", ""rgb"": [140, 98, 68], ""percentage"": 23.0}, {""hex"": ""#b29269"", ""rgb"": [178, 146, 105], ""percentage"": 21.6}, {""hex"": ""#e2c08d"", ""rgb"": [226, 192, 141], ""percentage"": 16.0}, {""hex"": ""#4b3833"", ""rgb"": [75, 56, 51], ""percentage"": 10.3}]",0.04699999839067459,аналогичная,сказочная сцена,"[""лошадь"", ""люди"", ""птицы"", ""город"", ""горы"", ""море""]",таинственное,0.8,линейная,0.7,0.8,0.5
late,1550386685162362473.png,"[{""hex"": ""#b9a072"", ""rgb"": [185, 160, 114], ""percentage"": 25.4}, {""hex"": ""#664939"", ""rgb"": [102, 73, 57], ""percentage"": 23.1}, {""hex"": ""#93734f"", ""rgb"": [147, 115, 79], ""percentage"": 22.0}, {""hex"": ""#e1c798"", ""rgb"": [225, 199, 152], ""percentage"": 19.8}, {""hex"": ""#668383"", ""rgb"": [102, 131, 131], ""percentage"": 9.7}]",0.08699999749660492,аналогичная,историческая иллюстрация,"[""люди"", ""лестница"", ""здание"", ""флаги"", ""деревья""]",торжественное,0.5,линейная,0.7,0.8,0.5
late,155038669916385006.png,"[{""hex"": ""#545443"", ""rgb"": [84, 84, 67], ""percentage"": 32.2}, {""hex"": ""#3c3730"", ""rgb"": [60, 55, 48], ""percentage"": 24.8}, {""hex"": ""#756d53"", ""rgb"": [117, 109, 83], ""percentage"": 21.5}, {""hex"": ""#9b8e68"", ""rgb"": [155, 142, 104], ""percentage"": 12.8}, {""hex"": ""#e5cda3"", ""rgb"": [229, 205, 163], ""percentage"": 8.6}]",-0.21400000154972076,монохромная,сказочная сцена,"[""деревья"", ""человек на дереве"", ""всадники"", ""лошади""]",таинственное,0.5,линейная,0.6,0.7,0.5
late,1550386759163020887.png,"[{""hex"": ""#694f37"", ""rgb"": [105, 79, 55], ""percentage"": 23.8}, {""hex"": ""#30291a"", ""rgb"": [48, 41, 26], ""percentage"": 20.1}, {""hex"": ""#ecdbb1"", ""rgb"": [236, 219, 177], ""percentage"": 19.4}, {""hex"": ""#9f7756"", ""rgb"": [159, 119, 86], ""percentage"": 18.7}, {""hex"": ""#d3aa78"", ""rgb"": [211, 170, 120], ""percentage"": 18.0}]",-0.006000000052154064,монохромная,историческая иллюстрация,"[""люди"", ""лошади"", ""верблюды"", ""пальма"", ""замок""]",торжественное,0.5,линейная,0.7,0.7,0.5
late,1550386777114528158.png,"[{""hex"": ""#665338"", ""rgb"": [102, 83, 56], ""percentage"": 22.5}, {""hex"": ""#2f2c18"", ""rgb"": [47, 44, 24], ""percentage"": 22.2}, {""hex"": ""#f4e6bf"", ""rgb"": [244, 230, 191], ""percentage"": 21.3}, {""hex"": ""#a87958"", ""rgb"": [168, 121, 88], ""percentage"": 18.3}, {""hex"": ""#c7ae8b"", ""rgb"": [199, 174, 139], ""percentage"": 15.7}]",0.01899999938905239,монохромная,историческая иллюстрация,"[""люди"", ""лошади"", ""луки"", ""стрелы"", ""пальмы""]",торжественное,0.5,линейная,0.6,0.7,0.3
late,1550386789140383107.png,"[{""hex"": ""#9b7254"", ""rgb"": [155, 114, 84], ""percentage"": 23.4}, {""hex"": ""#b2b39b"", ""rgb"": [178, 179, 155], ""percentage"": 23.3}, {""hex"": ""#313329"", ""rgb"": [49, 51, 41], ""percentage"": 22.6}, {""hex"": ""#2d6174"", ""rgb"": [45, 97, 116], ""percentage"": 18.7}, {""hex"": ""#eee6cf"", ""rgb"": [238, 230, 207], ""percentage"": 12.0}]",-0.02500000037252903,аналогичная,сказочная сцена,"[""ковёр-самолёт"", ""люди"", ""аисты"", ""город"", ""море"", ""горы""]",таинственное,0.5,линейная,0.7,0.7,0.3
late,67rdVzPAgKjAz5BVsYllxDW4JbMR8MoKqC5t7HN8lFvgCdfXe37ScCJW8yxFChBd1HBd_LlohnhU4YJi45_Ykj-u.jpg,"[{""hex"": ""#282410"", ""rgb"": [40, 36, 16], ""percentage"": 23.9}, {""hex"": ""#885c3c"", ""rgb"": [136, 92, 60], ""percentage"": 22.8}, {""hex"": ""#53442a"", ""rgb"": [83, 68, 42], ""percentage"": 22.2}, {""hex"": ""#b08959"", ""rgb"": [176, 137, 89], ""percentage"": 17.7}, {""hex"": ""#e0c07d"", ""rgb"": [224, 192, 125], ""percentage"": 13.3}]",-0.22599999606609344,монохромная,сказочная сцена,"[""два человека"", ""труба"", ""ковры"", ""одежда""]",таинственное,0.0,отсутствует,0.2,0.5,0.5
late,96.jpg,"[{""hex"": ""#9eaca1"", ""rgb"": [158, 172, 161], ""percentage"": 25.8}, {""hex"": ""#ccceb5"", ""rgb"": [204, 206, 181], ""percentage"": 20.4}, {""hex"": ""#736a5b"", ""rgb"": [115, 106, 91], ""percentage"": 19.8}, {""hex"": ""#898f7d"", ""rgb"": [137, 143, 125], ""percentage"": 18.8}, {""hex"": ""#504b45"", ""rgb"": [80, 75, 69], ""percentage"": 15.2}]",0.12800000607967377,монохромная,сказочная сцена,"[""птицы"", ""река"", ""облака"", ""берег""]",динамичное,0.8,линейная,0.7,0.6,0.5
late,97.jpg,"[{""hex"": ""#798d78"", ""rgb"": [121, 141, 120], ""percentage"": 30.1}, {""hex"": ""#ab9e74"", ""rgb"": [171, 158, 116], ""percentage"": 26.5}, {""hex"": ""#58635d"", ""rgb"": [88, 99, 93], ""percentage"": 17.0}, {""hex"": ""#b5bea1"", ""rgb"": [181, 190, 161], ""percentage"": 15.1}, {""hex"": ""#e5e8d5"", ""rgb"": [229, 232, 213], ""percentage"": 11.3}]",0.19099999964237213,монохромная,сказочная сцена,"[""корабль"", ""рыбы"", ""волны"", ""люди""]",таинственное,0.5,отсутствует,0.5,0.7,0.3
late,98_edorig.jpg,"[{""hex"": ""#af9b72"", ""rgb"": [175, 155, 114], ""percentage"": 30.1}, {""hex"": ""#b8bba6"", ""rgb"": [184, 187, 166], ""percentage"": 25.3}, {""hex"": ""#87928a"", ""rgb"": [135, 146, 138], ""percentage"": 16.9}, {""hex"": ""#63605a"", ""rgb"": [99, 96, 90], ""percentage"": 15.3}, {""hex"": ""#d8dccf"", ""rgb"": [216, 220, 207], ""percentage"": 12.4}]",0.2529999911785126,монохромная,сказочная сцена,"[""человек"", ""лук"", ""деревья"", ""птицы"", ""заяц""]",таинственное,0.0,отсутствует,0.3,0.6,0.5
late,99.jpg,"[{""hex"": ""#8c7b64"", ""rgb"": [140, 123, 100], ""percentage"": 27.8}, {""hex"": ""#bea572"", ""rgb"": [190, 165, 114], ""percentage"": 27.7}, {""hex"": ""#d7d9d1"", ""rgb"": [215, 217, 209], ""percentage"": 17.4}, {""hex"": ""#79939b"", ""rgb"": [121, 147, 155], ""percentage"": 14.3}, {""hex"": ""#aab8b2"", ""rgb"": [170, 184, 178], ""percentage"": 12.8}]",0.27000001072883606,аналогичная,сказочная сцена,"[""гигант"", ""ребёнок"", ""посох"", ""лодки"", ""дельфин"", ""море""]",таинственное,0.5,отсутствует,0.3,0.7,0.5
late,9d3v2ji38L87joUBFKJHZb7UDK8qNCl1gK8lH46YDjUf2lIs7PsiWJJ1nfQmY09iYY2w03VWEHhV63gpDIgxN3U8.jpg,"[{""hex"": ""#281f11"", ""rgb"": [40, 31, 17], ""percentage"": 27.4}, {""hex"": ""#6d4d37"", ""rgb"": [109, 77, 55], ""percentage"": 25.3}, {""hex"": ""#b97254"", ""rgb"": [185, 114, 84], ""percentage"": 23.2}, {""hex"": ""#ccaa7f"", ""rgb"": [204, 170, 127], ""percentage"": 14.4}, {""hex"": ""#f1e8c6"", ""rgb"": [241, 232, 198], ""percentage"": 9.7}]",-0.14800000190734863,монохромная,сказочная сцена,"[""люди"", ""ковры"", ""кувшин"", ""лампа"", ""окна""]",радостное,0.5,отсутствует,0.3,0.7,0.5
late,AiDBqpomha6aXHCEWb9CR_EqbsPsAXfUELaTh6HpJfef4HqyXe0pKSYs-1Hxn3aBy7xz8-wMaS6SYmkDsD2-T_QT.jpg,"[{""hex"": ""#edd3bf"", ""rgb"": [237, 211, 191], ""percentage"": 27.3}, {""hex"": ""#655859"", ""rgb"": [101, 88, 89], ""percentage"": 19.3}, {""hex"": ""#3a343a"", ""rgb"": [58, 52, 58], ""percentage"": 18.7}, {""hex"": ""#d8ab98"", ""rgb"": [216, 171, 152], ""percentage"": 18.3}, {""hex"": ""#98827b"", ""rgb"": [152, 130, 123], ""percentage"": 16.3}]",0.12200000137090683,аналогичная,сказочная сцена,"[""корабль"", ""русалка"", ""птица"", ""море"", ""облака""]",таинственное,0.5,линейная,0.7,0.7,0.3
late,FV2tW81564cKD3K1IZ8xxfu73jUYX_JC3PUABy9hyM8HAEXB6Ka6pRq9o5juf57lg8xW2dAD-CZeQQxWCoXeiVKs.jpg,"[{""hex"": ""#f0e5e3"", ""rgb"": [240, 229, 227], ""percentage"": 30.2}, {""hex"": ""#878381"", ""rgb"": [135, 131, 129], ""percentage"": 20.4}, {""hex"": ""#5e5753"", ""rgb"": [94, 87, 83], ""percentage"": 18.7}, {""hex"": ""#2b2623"", ""rgb"": [43, 38, 35], ""percentage"": 16.0}, {""hex"": ""#c2b7b0"", ""rgb"": [194, 183, 176], ""percentage"": 14.7}]",0.15800000727176666,монохромная,сказочная сцена,"[""корабль"", ""волны"", ""человек""]",динамичное,0.8,линейная,0.7,0.8,0.5
late,va2R8woUWYOG1ICn9aL_wgRtoVepP8gti1b-EdHjuTgPOoUwLwqHbJ7z0w2FND3pduCpsuB2dPQSOF56Gqsg_oKa.jpg,"[{""hex"": ""#2d2715"", ""rgb"": [45, 39, 21], ""percentage"": 27.6}, {""hex"": ""#684a36"", ""rgb"": [104, 74, 54], ""percentage"": 27.2}, {""hex"": ""#9d7156"", ""rgb"": [157, 113, 86], ""percentage"": 23.0}, {""hex"": ""#c7a480"", ""rgb"": [199, 164, 128], ""percentage"": 13.5}, {""hex"": ""#eee7d8"", ""rgb"": [238, 231, 216], ""percentage"": 8.7}]",-0.18199999630451202,монохромная,,[],,0.0,,0.0,0.0,0.0
late,xhg8eUW1ViyJPmRN14SU1lBpd0AnNVTpRBhX70G0a2m05LRaspKpgAwAJ6D0IaaYWUBq-jwfXdCycSYA_oNyiTnd.jpg,"[{""hex"": ""#5d4f3a"", ""rgb"": [93, 79, 58], ""percentage"": 29.4}, {""hex"": ""#2c2919"", ""rgb"": [44, 41, 25], ""percentage"": 25.3}, {""hex"": ""#a06a49"", ""rgb"": [160, 106, 73], ""percentage"": 22.5}, {""hex"": ""#b59c78"", ""rgb"": [181, 156, 120], ""percentage"": 13.6}, {""hex"": ""#dfd4bc"", ""rgb"": [223, 212, 188], ""percentage"": 9.2}]",-0.19900000095367432,монохромная,,[],,0.0,,0.0,0.0,0.0
late,XUvaRarLCLVPwuox7joay_j1uIocnBN6QlhH0ADJGrtk0qEQs7yJIMBxbVJ0gtM15vYCrlV4oQW-Fmjfa0pnzx7f.jpg,"[{""hex"": ""#655036"", ""rgb"": [101, 80, 54], ""percentage"": 23.4}, {""hex"": ""#312918"", ""rgb"": [49, 41, 24], ""percentage"": 19.9}, {""hex"": ""#ebdaaf"", ""rgb"": [235, 218, 175], ""percentage"": 19.4}, {""hex"": ""#9c7452"", ""rgb"": [156, 116, 82], ""percentage"": 18.6}, {""hex"": ""#cfa877"", ""rgb"": [207, 168, 119], ""percentage"": 18.6}]",-0.010999999940395355,монохромная,,[],,0.0,,0.0,0.0,0.0
late,YMMXMVkPtz9aoydXfCvp1p8yVQTupP7dvPI45gIoRU2S3CS-7KhsAyppmDrYdHQs6gJ9GEEnNbiUfeCpKP7NuynH.jpg,"[{""hex"": ""#79644c"", ""rgb"": [121, 100, 76], ""percentage"": 21.9}, {""hex"": ""#9a886a"", ""rgb"": [154, 136, 106], ""percentage"": 21.2}, {""hex"": ""#bda97d"", ""rgb"": [189, 169, 125], ""percentage"": 19.5}, {""hex"": ""#4e4639"", ""rgb"": [78, 70, 57], ""percentage"": 19.2}, {""hex"": ""#d9d3c5"", ""rgb"": [217, 211, 197], ""percentage"": 18.2}]",0.08100000023841858,монохромная,,[],,0.0,,0.0,0.0,0.0
